"","PC1","PC2"
"S41",-26.735893248355,35.9394445708923
"S42",-20.5694828556838,-17.4955866318106
"S43",-28.5625173112138,-104.741157307627
"S44",-29.0561310828063,-134.944503003302
"S45",-27.6215232150221,-10.2921791752861
"S46",250.316550308819,5.84256680148883
"S47",-17.2805883895645,23.3265592711909
"S48",-32.3888299277978,72.8669525681744
"S49",-81.2431479979107,74.133278021161
"S50",13.1415637195362,55.3646248851179
